product_name,warehouse,shelf_number,column,level
43-10-12MOFT*316,A,1,A,1
43-10-10MOFT*316,A,1,A,1
43-12-12MOFT*316,A,1,A,1
43-12-16MOFT*316,A,1,A,1
43-20-20MOFT*316,A,1,A,1
43-16-16FL22*316,A,1,A,1
43-16-25MDS*316,A,1,A,1
43-16-16MOFT*316,A,1,A,1
43-16-16S*316,A,1,A,1
43-12-18MDL*316,A,1,B,2
43-10-18MDL*316,A,1,B,2
43-12-20S90*316,A,1,B,2
43-32-50S*316,A,1,B,2
43-12-20S*316,A,1,B,2
43-20-38S45*316,A,1,B,2
43-12-25S45*316,A,1,B,2
43-10-20S45*316,A,1,B,2
43-12-20S90*316,A,1,B,2
43-10-16S90*316,A,1,B,2
43-24-38S45*316,A,1,B,2
43-12-M42OFT*316,A,1,B,3
43-20-35FDL(BALL)*316,A,1,B,3
43-12-12FUFB90*316,A,1,B,3
43-16-30S*316,A,1,B,3
43-20-30S*316,A,1,B,3
43-10-20S*316,A,1,B,3
43-16-28L*316,A,1,B,3
43-10-16S*316,A,1,B,3
43-16-30MDS*316,A,1,B,3
43-16-28L90(L166)*316,A,1,B,3
43-24-42L*316,A,1,B,3
43-10-20MDS*316,A,1,B,3
43-16-28MDL*316,A,1,B,3
43-12-22MDL*316,A,1,B,3
43-12-25MDS*316,A,1,B,3
43-16-22L(WIRE)*316,A,1,B,3
43-12-18L(WIRE)*316,A,1,B,3
43-12-12FP*316,A,1,B,4
43-12-08MP*316,A,1,B,4
43-10-12MP*316,A,1,B,4
43-10-06MP*316,A,1,B,4
43-32-24FH45*316,A,1,B,4
43-16-20FL90*316,A,1,B,4
43-12-20FL90*316,A,1,B,4
43-10-16FL90*316,A,1,B,4
43-20-24FL45*316,A,1,B,4
43-16-20FL*316,A,1,B,4
43-24-32FL*316,A,1,B,4
43-20-24FL*316 ,A,1,B,4
43-12-22MDL(32H)*316,A,1,B,4
43-16-24FL*316,A,1,B,4
43-10-12FL*316,A,1,B,4
43-32-32FL90*316,A,1,B,4
DNEX-ENTRY-40(N114)*316,A,2,A,2
DNEX-ENTRY-40(N112)*316,A,2,A,2
DNEX-ENTRY-50A(N112)*316,A,2,A,2
"DNEX-ENTRY-20D(M20,C25)*316",A,2,A,2
"DNEX-ENTRY-20BC(M20,C20)*316",A,2,A,2
"DNEX-ENTRY-32(M32,C20)*316",A,2,A,2
"DNEX-ENTRY-50/50A(M50,C20)*316",A,2,A,2
"DNEX-ENTRY-40/40A(M40,C20)*316",A,2,A,2
DNEX-ENTRY-20D(N34)*316,A,2,A,3
DNEX-ENTRY-20A(N12)*316,A,2,A,3
DNEX-ENTRY-20D(N12)*316,A,2,A,3
DNEX-ENTRY-25A(N34)*316,A,2,A,3
DNEX-ENTRY-32/32A(N1)*316,A,2,A,3
DNEX-ENTRY-32/32A(N114)*316,A,2,A,3
DNEX-ENTRY-2016(M16)*316,A,2,A,4
DNEX-ENTRY-20A(M20)*316,A,2,A,4
DNEX-ENTRY-20D(M20)*316,A,2,A,4
DNEX-ENTRY-32/32A(M32)*316,A,2,A,4
DNEX-ENTRY-40/40A(M40)*316,A,2,A,4
DNEX-ENTRY-50/50A(M50)*316,A,2,A,4
DNEX-ENTRY-63/63A(M63)*316,A,2,A,4
DNEX-ENTRY-75/75A(M75)*316,A,2,A,4
DNEX-ENTRY-25A(PF34)*316,A,2,A,5
DNEX-RING(X)-25/25A*316,A,2,B,1
DNEX-RING(X)-50/50A*316,A,2,B,1
DNEX-RING(X)-32/32A*316,A,2,B,1
DNEX-RING(X)-40/40A*316,A,2,B,1
DNEX-RING(X)-75/75AB*316,A,2,B,1
DNEX-RING(W)-20ABC*316,A,2,B,1
DNEX-RING(W)-20D*316,A,2,B,1
DNEX-RING(W)-50/50A*316,A,2,B,1
DNEX-RING(W)-63/63A*316,A,2,B,1
DNEX-RING(W)-75/75AB*316,A,2,B,1
DNEX-BACK-20A*316,A,2,B,2
DNEX-BACK-20D*316,A,2,B,2
DNEX-BACK-25/25A*316,A,2,B,2
DNEX-BACK-50A*316,A,2,B,2
DNEX-BACK-63*316,A,2,B,2
DNEX-BACK-63A*316,A,2,B,2
DNEX-BACK-75A*316,A,2,B,2
DNEX-BACK-75/75B*316,A,2,B,2
DNEX-MIDDLE-20A*316,A,2,B,3
DNEX-MIDDLE-50/50A*316,A,2,B,3
DNEX-MIDDLE-63/63A*316,A,2,B,3
DNEX-MIDDLE-75/75AB*316,A,2,B,3
DNEX-CONE-20A*316,A,2,B,4
DNEX-CONE-20D*316,A,2,B,4
DNEX-CONE-25/25A*316,A,2,B,4
DNEX-CONE-50/50A*316,A,2,B,4
DNEX-CONE-40/40A*316,A,2,B,4
DNEX-CONE-75/75AB*316,A,2,B,4
DNEX-RING(W)-20ABC*316,A,2,B,5
DNEX-CONE-25/25A*316,A,2,B,5
DNEX-CONE-20D*316,A,2,B,5
LN-N212*316,A,2,C,1
LN-N3*316,A,2,C,1
LN-N312*316,A,2,C,1
LN-N4*316,A,2,C,1
LN-N14*316,A,2,C,2
LN-N12*316,A,2,C,2
LN-N34*316,A,2,C,2
LN-N1*316,A,2,C,2
LN-N114*316,A,2,C,2
LN-N112*316,A,2,C,2
LN-N2*316,A,2,C,2
LN-M40*316,A,2,C,3
LN-M50*316,A,2,C,3
LN-M63*316,A,2,C,3
LN-M80*316,A,2,C,3
LN-M90*316,A,2,C,3
LN-M115*316,A,2,C,3
LN-M100*316,A,2,C,3
LN-PF12*316,A,2,C,4
LN-N12(30H)*316,A,2,C,4
LN-NPT3/4*316,A,2,C,4
LN-PF34*316,A,2,C,4
LN-PG11*316,A,2,C,4
LN-PG13.5*316,A,2,C,4
LN-PF1-1/2*316,A,2,C,4
LN-PF1*316,A,2,C,4
LN-PF1-1/4*316,A,2,C,4
LN-M16*316,A,2,C,4
LN-M20*316,A,2,C,4
LN-M32*316,A,2,C,4
"S(A2F)-ENTRY-20B(M20,C25)*316",A,3,A,1
"S(A2F)-ENTRY-20B(M20,C50)*316",A,3,A,1
"S(A2F)-ENTRY-20C(M20,C20)*316",A,3,A,1
"S(A2F)-ENTRY-20C(M20,C50)*316",A,3,A,1
"S(A2F)-ENTRY-25(M25,C20)*316",A,3,A,1
"S(A2F)-ENTRY-25(M25,C25)*316",A,3,A,1
"S(A2F)-ENTRY-25A(M25,C20)*316",A,3,A,1
"S(A2F)-ENTRY-32A(M25,C25)*316",A,3,A,1
"S(A2F)-ENTRY-40(M25,C10)*316",A,3,A,1
"S(A2F)-ENTRY-40(M25,C20)*316",A,3,A,1
"S(A2F)-ENTRY-40(M25,C25)*316",A,3,A,1
"S(A2F)-ENTRY-63B(M25,C20)*316",A,3,A,1
S(A2F)-ENTRY-40(N112)*316,A,3,A,2
S(A2F)-ENTRY-40(N114)*316,A,3,A,2
S(A2F)-ENTRY-50(N2)*316,A,3,A,2
S(A2F)-ENTRY-50(N112)*316,A,3,A,2
S(A2F)-ENTRY-63A(N2)*316,A,3,A,2
S(A2F)-ENTRY-63B(N2)*316,A,3,A,2
S(A2F)-ENTRY-75(N212)*316,A,3,A,2
S(A2F)-ENTRY-75(N3)*316,A,3,A,2
S(A2F)-ENTRY-80(N3)*316,A,3,A,2
S(A2F)-ENTRY-100A(N4)*316,A,3,A,2
S(A2F)-ENTRY-20A(N12)*316,A,3,A,3
S(A2F)-ENTRY-20B(N34)*316,A,3,A,3
S(A2F)-ENTRY-20B(N12)*316,A,3,A,3
S(A2F)-ENTRY-20C(N34)*316,A,3,A,3
S(A2F)-ENTRY-25A(N34)*316,A,3,A,3
S(A2F)-ENTRY-25A(N1)*316,A,3,A,3
S(A2F)-ENTRY-25(N34)*316,A,3,A,3
S(A2F)-ENTRY-32A(N114)*316,A,3,A,3
S(A2F)-ENTRY-32A(N1)*316,A,3,A,3
S(A2F)-ENTRY-16A(M16)*316,A,3,A,4
S(A2F)-ENTRY-16B(M16)*316,A,3,A,4
S(A2F)-ENTRY-20B(M20)*316,A,3,A,4
S(A2F)-ENTRY-20C(M20)*316,A,3,A,4
S(A2F)-ENTRY-25A(M25)*316,A,3,A,4
S(A2F)-ENTRY-32A(M32)*316,A,3,A,4
S(A2F)-ENTRY-40A(M40)*316,A,3,A,4
S(A2F)-ENTRY-50(M50)*316,A,3,A,4
S(A2F)-ENTRY-63B(M63)*316,A,3,A,4
S(A2F)-ENTRY-63A(M63)*316,A,3,A,4
S(A2F)-ENTRY-75(M75)*316,A,3,A,4
S(A2F)-ENTRY-16A(M16)*316,A,3,A,5
S(A2F)-ENTRY-32B(PF1)*316,A,3,A,5
S(A2F)-ENTRY-25(PF34)*316,A,3,A,5
S(A2F)-ENTRY-20B(PF12)*316,A,3,A,5
A2FRC-CONDUIT-20BC(PF12)*316,A,3,B,1
A2FRC-CONDUIT-25(PF34)*316,A,3,B,1
A2FRC-CONDUIT-32B(PF1)*316,A,3,B,1
A2FRC-CONDUIT-20B(M20)*316,A,3,B,1
A2FRC-CONDUIT-20C(M20)*316,A,3,B,1
A2FRC-NIPPLE-25A*316,A,3,B,1
A2FRC-NIPPLE-25*316,A,3,B,1
A2FRC-NIPPLE-32B*316,A,3,B,1
A2FRC-NIPPLE-40*316,A,3,B,1
A2FRC-NIPPLE-50*316,A,3,B,1
A2FRC-NIPPLE-63A*316,A,3,B,1
A2FRC-NIPPLE-63B*316,A,3,B,1
A2FRC-NIPPLE-75*316,A,3,B,1
A2FRC-CONDUIT-25A(N34)*316,A,3,B,2
A2FRC-CONDUIT-20B(N34)*316,A,3,B,2
A2FRC-CONDUIT-20C(N34)*316,A,3,B,2
A2FRC-CONDUIT-25(N34)*316,A,3,B,2
A2FRC-CONDUIT-25(N1)*316,A,3,B,2
A2FRC-CONDUIT-25A(N1)*316,A,3,B,2
A2FRC-CONDUIT-40(N112)*316,A,3,B,2
A2FRC-CONDUIT-50(N2)*316,A,3,B,2
A2FRC-CONDUIT-63A(N212)*316,A,3,B,2
A2FRC-CONDUIT-63B(N212)*316,A,3,B,2
A2FRC-CONDUIT-63B(N3)*316,A,3,B,2
A2FRC-CONDUIT-75(N3)*316,A,3,B,2
S(A2F)-RING-20A/16A*316,A,3,B,3
S(A2F)-RING-20B/16B*316,A,3,B,3
S(A2F)-RING-20C*316,A,3,B,3
S(A2F)-RING-40*316,A,3,B,3
S(A2F)-RING-25*316,A,3,B,3
S(A2F)-RING-25A*316,A,3,B,3
S(A2F)-RING-50*316,A,3,B,3
S(A2F)-RING-32A*316,A,3,B,3
S(A2F)-RING-75*316,A,3,B,3
S(A2F)-RING-63A*316,A,3,B,3
S(A2F)-RING-63B*316,A,3,B,3
S(A2F)-RING-80*316,A,3,B,3
S(A2F)-RING-100A*316,A,3,B,3
S(A2F)-RING-100B*316,A,3,B,3
S(A2F)-NIPPLE-32A*316,A,3,B,4
S(A2F)-NIPPLE-25A*316,A,3,B,4
S(A2F)-NIPPLE-50*316,A,3,B,4
S(A2F)-NIPPLE-63A*316,A,3,B,4
S(A2F)-NIPPLE-63B*316,A,3,B,4
S(A2F)-NIPPLE-75*316,A,3,B,4
S(A2F)-NIPPLE-80*316,A,3,B,4
S(A2F)-NIPPLE-100A*316,A,3,B,4
S(A2F)-NIPPLE-100B*316,A,3,B,4
STOPPING PLUG-N14*316,A,3,C,1
STOPPING PLUG-N12*316,A,3,C,1
STOPPING PLUG-N34*316,A,3,C,1
STOPPING PLUG-M16*316,A,3,C,2
STOPPING PLUG-M25(C25)*316,A,3,C,2
STOPPING PLUG-M50*316,A,3,C,2
STOPPING PLUG-M75*316,A,3,C,2
STOPPING PLUG-M80(C20)*316,A,3,C,2
STOPPING PLUG-M32(C25)*316,A,3,C,2
STOPPING PLUG-M40(C25)*316,A,3,C,2
STOPPING PLUG-M100(C20)*316,A,3,C,2
STOPPING PLUG-PF12*316,A,3,C,2
STOPPING PLUG-N1*316,A,3,C,3
STOPPING PLUG-N114*316,A,3,C,3
STOPPING PLUG-N112*316,A,3,C,3
STOPPING PLUG-N2*316,A,3,C,3
STOPPING PLUG-SH-M50*316,A,3,C,3
STOPPING PLUG-SH-M63*316,A,3,C,3
DNEX-MIDDLE-20DN*316,A,3,C,4
DNEX-BACK-20DN*316,A,3,C,4
DNEX-ENTRY-20DN(M20)*316,A,3,C,4
DNEX-RING(W)-20C(DEV)*316,A,3,C,4
DAAD-M20M25(C25)*316,A,3,C,4
DAAD-M40M50(C25)*316,A,3,C,4
DAAD-M25M50(C20)*316,A,3,C,4
DAAD-M25M40(C20)*316,A,3,C,4
DAAD-M20M32(C20)*316,A,3,C,4
DAAD-M32M40(C25)*316,A,3,C,4
DAAD-M32M50(C25)*316,A,3,C,4
DAAD-M25M32(C20)*316,A,3,C,4
STOPPING PLUG-M20(C20)*316,A,3,C,4
STOPPING PLUG-M50(C25)*316,A,3,C,4
DAM-BODY-32ML*304,A,3,C,4
NZ-HALF(NPT1)*316,A,3,C,4
NUT-16UNF(WIRE)*316,A,4,A,1
NUT-06UNF45*316,A,4,A,1
NUT-12UNF45*316,A,4,A,1
NUT-12UNS*316,A,4,A,1
NUT-12UNF*316L,A,4,A,1
NUT-20UNF*316L,A,4,A,1
NUT-12UNF(SILVER)*316,A,4,A,1
NUT-06MJS*316,A,4,A,1
NUT-16UNFEXLONG*316,A,4,A,1
NUT-40UNJ*316,A,4,A,1
NUT-12PF(HT)*316,A,4,A,1
IPC27407-3*316,A,4,A,1
NUT-05UNF(19H)*316,A,4,A,2
NUT-08UNF(24H)*316,A,4,A,2
NUT-10UNF(27H)*316,A,4,A,2
NUT-16UNF(41H)*316,A,4,A,2
NUT-24UNF(63.5H)*316,A,4,A,2
AA-04-04MP(EATON)*316,A,4,A,4
AA-06-06MP(EATON)*316,A,4,A,4
AA-08-08MP(EATON)*316,A,4,A,4
AA-12-12MP(EATON)*316,A,4,A,4
AA-20-20MP(47.6H)*316,A,4,A,4
AA-12-12MJ(28.57H)*316,A,4,A,4
AA-08-08OFTL(20.63H)*316,A,4,A,4
AA-08-08MBSPP(K4)*316,A,4,A,4
AA-12-12MBSPP(K4)*316,A,4,A,4
AA-04-08S90*316,A,4,B,1
AA-04-10S90*316,A,4,B,1
AA-06-12S90*316,A,4,B,1
AA-06-14S90*316,A,4,B,1
AA-08-16S90*316,A,4,B,1
AA-10-20S90*316,A,4,B,1
AA-16-30S90*316,A,4,B,1
AA-04-08S*316,A,4,B,2
AA-06-12S*316,A,4,B,2
AA-06-14S*316,A,4,B,2
AA-08-16S*316,A,4,B,2
AA-10-20S*316,A,4,B,2
AA-12-25S*316,A,4,B,2
AA-16-30S*316,A,4,B,2
AA-04-06L90*316,A,4,B,3
AA-04-08L90*316,A,4,B,3
AA-06-10L90*316,A,4,B,3
AA-06-12L90*316,A,4,B,3
AA-08-15L90*316,A,4,B,3
AA-10-18L90*316,A,4,B,3
AA-12-22L90*316,A,4,B,3
AA-16-28L90(WIRE)*316,A,4,B,3
AA-04-06L*316,A,4,B,4
AA-04-08L*316,A,4,B,4
AA-06-10L*316,A,4,B,4
AA-06-12L*316,A,4,B,4
AA-08-15L*316,A,4,B,4
AA-10-18L*316,A,4,B,4
AA-12-22L*316,A,4,B,4
AA-16-28L*316,A,4,B,4
AA-16-28L(WIRE)*316,A,4,B,4
AA-16-16MP*316,A,4,C,1
AA-04-04MP*316,A,4,C,1
AA-04-02MP*316,A,4,C,1
AA-24-24MP*316,A,4,C,1
AA-32-32MP*316,A,4,C,1
AA-04-04MS*316,A,4,C,1
AA-06-06MS*316,A,4,C,1
AA-08-08MS*316,A,4,C,1
AA-12-12MS*316,A,4,C,1
AA-08-08MJ*316,A,4,C,1
AA-16-16MJ*316,A,4,C,1
AA-08-08BSP*316,A,4,C,1
AA-12-12BSP*316,A,4,C,1
AA-04-04OFTL*316,A,4,C,2
AA-06-06OFTL*316,A,4,C,2
AA-16-16OFTL*316,A,4,C,2
AA-10-10OFTL*316,A,4,C,2
AA-04-04OFT45*316,A,4,C,2
AA-06-06OFT45*316,A,4,C,2
AA-08-08OFT45*316,A,4,C,2
AA-12-12OFT45*316,A,4,C,2
AA-04-04OFT90*316,A,4,C,2
AA-06-06OFT90*316,A,4,C,2
AA-12-12OFT90*316,A,4,C,2
AA-08-08OFT90*316,A,4,C,2
AA-04-04FJ45*316,A,4,C,3
AA-06-06FJ45*316,A,4,C,3
AA-06-08FJ45*316,A,4,C,3
AA-08-08FJ45*316,A,4,C,3
AA-10-10FJ45*316,A,4,C,3
AA-12-12FJ45*316,A,4,C,3
AA-16-16FJ45*316,A,4,C,3
AA-16-16FJ45(E27)*316,A,4,C,3
AA-04-04FJ90*316,A,4,C,3
AA-06-06FJ90*316,A,4,C,3
AA-06-08FJ90*316,A,4,C,3
AA-08-08FJ90*316,A,4,C,3
AA-10-10FJ90*316,A,4,C,3
AA-16-16FJ90*316,A,4,C,3
AA-04-04FJ*316,A,4,C,4
AA-04-06FJ*316,A,4,C,4
AA-06-06FJ*316,A,4,C,4
AA-06-08FJ*316,A,4,C,4
AA-08-08FJ*316,A,4,C,4
AA-08-10FJ*316,A,4,C,4
AA-10-10FJ*316,A,4,C,4
AA-10-12FJ*316,A,4,C,4
AA-12-12FJ*316,A,4,C,4
AA-12-16FJ*316,A,4,C,4
AA-16-16FJ*316,A,4,C,4
AA-20-20FJ*316,A,4,C,4
AA-24-24FJ*316,A,4,C,4
AA-32-32FJ*316,A,4,C,4
PO-12-22MTS(R25.6)*316,A,5,A,1
PO-12-22MTS*316,A,5,A,1
PO-12ENDCAP*LDPE,A,5,A,1
PO-08-06MP*316,A,5,A,2
PO-04-02MP*316,A,5,A,2
PO-06-06MP*316,A,5,A,2
PO-04-04MP*316,A,5,A,2
PO-06-04MP*316,A,5,A,2
PO-06-08MP*316,A,5,A,2
PO-08-08MP*316,A,5,A,2
PO-10-08MP*316,A,5,A,2
PO-12-12MP*316,A,5,A,2
PO-16-16MP*316,A,5,A,2
PO-10-10FJ90*316,A,5,A,3
PO-12-12FJ90*316,A,5,A,3
PO-16-16FJ90*316,A,5,A,3
PO-08-08FJ90*316,A,5,A,3
PO-12-12TS*316,A,5,A,3
PO-04-04MJ*316,A,5,A,3
PO-16-16OFT*316,A,5,A,3
PO-04-04TS*316,A,5,A,3
PO-06-06TS*316,A,5,A,3
PO-08-08TS*316,A,5,A,3
PO-04-04FJ*316,A,5,A,4
PO-04-06FJ*316,A,5,A,4
PO-08-08FJ*316,A,5,A,4
PO-12-12FJ*316,A,5,A,4
PO-16-16FJ*316,A,5,A,4
PO-10-10FJ*316,A,5,A,4
PO-04-04FJ45*316,A,5,A,4
PO-08-08FJ45*316,A,5,A,4
PO-04-04FJ90*316,A,5,A,4
PO-06-06FJ90*316,A,5,A,4
PO-08-08FJ90*316,A,5,A,4
43-20-20FH*316,A,5,B,2
43-08-08FH*316,A,5,B,2
43-20-20FH*316,A,5,B,2
43-20-20FH45*316,A,5,B,2
43-08-08FH45*316,A,5,B,2
43-08-08FH90*316,A,5,B,2
43-08-12FH90*316,A,5,B,2
43-08-12FL45*316,A,5,B,3
43-04-08FL45*316,A,5,B,3
43-06-08FL45*316,A,5,B,3
43-08-08FL45*316,A,5,B,3
43-08-08FL90*316,A,5,B,3
43-06-08FL90*316,A,5,B,3
43-04-08FL90*316,A,5,B,3
43-08-12FL90*316,A,5,B,3
43-12-12FL90*316,A,5,B,3
43-24-24FL90*316,A,5,B,3
43-08-08FL*316,A,5,B,4
43-08-12FL*316,A,5,B,4
43-20-20FL*316,A,5,B,4
43-24-24FL*316,A,5,B,4
43-24-24FL45*316,A,5,B,4
43-16-24FL90*316,A,5,B,4
43-10-16FL90*316,A,5,B,4
43-32-32FL*316,A,5,B,4
43-20-20FL90*316,A,5,B,4
FLANGE KIT-04*316,A,5,B,5
FLANGE KIT-16*316,A,5,B,5
43-04-04CFL*316,A,5,B,5
43-04-04CFL90*316,A,5,B,5
43-06-04CFL90*316,A,5,B,5
43-04-08MTS*316,A,5,C,1
43-05-12BJ*316,A,5,C,1
43-08-08PT*316,A,5,C,1
43-04-04BZ90*316,A,5,C,1
43-05-10FDL(BALL)*316,A,5,C,1
43-06-12FDL(BALL)*316,A,5,C,1
43-08-08LSC*316,A,5,C,1
43-04-04MOFT*316,A,5,C,2
43-06-06MOFT*316,A,5,C,2
43-08-08MOFT*316,A,5,C,2
43-08-10MOFT*316,A,5,C,2
43-04-04TS*316,A,5,C,2
43-06-06TS*316,A,5,C,2
43-08-08TS*316,A,5,C,2
43-10-10TS*316,A,5,C,2
43-04-02FP*316,A,5,C,3
43-04-04FP*316,A,5,C,3
43-04-06FP*316,A,5,C,3
43-06-04FP*316,A,5,C,3
43-06-06FP*316,A,5,C,3
43-06-08FP*316,A,5,C,3
43-08-08FP*316,A,5,C,3
43-04-02MP*316,A,5,C,4
43-04-06MP*316,A,5,C,4
43-04-08MP*316,A,5,C,4
43-05-04MP*316,A,5,C,4
43-05-06MP*316,A,5,C,4
43-06-04MP*316,A,5,C,4
43-08-06MP*316,A,5,C,4
43-06-06MP*316,A,5,C,4
43-06-08MP*316,A,5,C,4
43-08-12MP*316,A,5,C,4
43-10-08MP*316,A,5,C,4
43-32-32MP*316,A,5,C,4
43-16-16MP(PO TYPE)*316,A,5,C,5
43-10-08TS(HUS)*316,A,5,C,5
43-04-04FJIS(17H)*316,A,5,C,5
43-08-06MP(ID10.3)*316,A,5,C,5
43-10-18MDL*316,A,6,A,1
43-04-06MDL*316,A,6,A,1
43-06-10MDL*316,A,6,A,1
43-06-12MDL*316,A,6,A,1
43-04-10MDL*316,A,6,A,1
43-04-08MDS*316,A,6,A,1
43-04-10MDS*316,A,6,A,1
43-06-14MDS*316,A,6,A,1
43-05-12MDS*316,A,6,A,1
43-06-12MDS*316,A,6,A,1
43-08-16MDS(27H)*316,A,6,A,1
43-04-10L90*316,A,6,A,2
43-04-08L90*316,A,6,A,2
43-06-12L90*316,A,6,A,2
43-08-12L90*316,A,6,A,2
43-08-15L90*316,A,6,A,2
43-10-18L90*316,A,6,A,2
43-12-22L90*316,A,6,A,2
43-16-28L90*316,A,6,A,2
43-12-22L*316,A,6,A,3
43-04-08L45*316,A,6,A,3
43-06-15L45*316,A,6,A,3
43-08-18L45*316,A,6,A,3
43-06-12L45*316,A,6,A,3
43-06-10L45*316,A,6,A,3
43-04-06L90*316,A,6,A,3
43-04-08L*316,A,6,A,4
43-05-10L*316,A,6,A,4
43-04-06L*316,A,6,A,4
43-06-10L*316,A,6,A,4
43-08-12L*316,A,6,A,4
43-06-18L*316,A,6,A,4
43-04-10L*316,A,6,A,4
43-08-15L*316,A,6,A,4
43-08-18L*316,A,6,A,4
43-10-18L*316,A,6,A,4
43-06-12L*316,A,6,A,4
43-16-28L*316,A,6,A,4
43-12-22MDL(32H)*316,A,6,A,5
43-05-10MDL(17H)*316,A,6,A,5
43-08-15MDL(17H)*316,A,6,A,5
43-10-16S(WIRE)*316,A,6,A,5
43-12-18L(WIRE)*316,A,6,A,5
43-16-22L(WIRE)*316,A,6,A,5
43-04-04MS*316,A,6,B,1
43-06-06MS*316,A,6,B,1
43-08-08MS*316,A,6,B,1
43-04-02MS*316,A,6,B,1
43-04-04MS*316,A,6,B,1
43-04-06MS*316,A,6,B,1
43-08-06MS*316,A,6,B,1
43-06-04MS*316,A,6,B,1
43-06-08MS*316,A,6,B,1
43-16-16MS*316,A,6,B,1
43-12-12MS*316,A,6,B,1
43-08-12S90*316,A,6,B,2
43-12-20S90*316,A,6,B,2
43-16-25S90*316,A,6,B,2
43-24-38S90*316,A,6,B,2
43-06-10S45*316,A,6,B,3
43-06-12S45*316,A,6,B,3
43-06-12S45*316,A,6,B,3
43-08-16S45*316,A,6,B,3
43-04-08S45*316,A,6,B,3
43-04-08S90*316,A,6,B,3
43-04-06S90*316,A,6,B,3
43-06-10S90*316,A,6,B,3
43-06-12S90*316,A,6,B,3
43-04-06S*316,A,6,B,4
43-04-08S*316,A,6,B,4
43-05-12S*316,A,6,B,4
43-06-14S*316,A,6,B,4
43-06-10S*316,A,6,B,4
43-06-12S*316,A,6,B,4
43-06-16S*316,A,6,B,4
43-08-16S*316,A,6,B,4
43-12-20S*316,A,6,B,4
43-04-08S(LONG)*316,A,6,B,5
43-20-20OFT90*316,A,6,C,1
43-24-24OFT90*316,A,6,C,1
43-04-04OFTL*316,A,6,C,1
43-04-06OFTL*316,A,6,C,1
43-06-06OFTL*316,A,6,C,1
43-06-08OFTL*316,A,6,C,1
43-08-06OFTL*316,A,6,C,1
43-08-08OFTL*316,A,6,C,1
43-08-10OFTL*316,A,6,C,1
43-08-12OFTL*316,A,6,C,1
43-10-12OFTL*316,A,6,C,1
43-12-12OFTL*316,A,6,C,1
43-12-16OFTL*316,A,6,C,1
43-16-16OFTL*316,A,6,C,1
43-20-20OFTL*316,A,6,C,1
43-24-24OFTL*316,A,6,C,1
43-06-06OFT90*316,A,6,C,2
43-08-08OFT90*316,A,6,C,2
43-06-08OFT90*316,A,6,C,2
43-08-06OFT90*316,A,6,C,2
43-08-10OFT90*316,A,6,C,2
43-08-12OFT90*316,A,6,C,2
43-10-12OFT90*316,A,6,C,2
43-12-16OFT90*316,A,6,C,2
43-04-04OFT45*316,A,6,C,3
43-04-06OFT45*316,A,6,C,3
43-04-08OFT45*316,A,6,C,3
43-06-06OFT45*316,A,6,C,3
43-06-08OFT45*316,A,6,C,3
43-08-10OFT45*316,A,6,C,3
43-08-12OFT45*316,A,6,C,3
43-08-08OFT45*316,A,6,C,3
43-12-16OFT45*316,A,6,C,3
43-20-20OFT45*316,A,6,C,3
43-04-04OFT90*316,A,6,C,3
43-04-06OFT90*316,A,6,C,3
43-06-04OFT90*316,A,6,C,3
43-04-04OFT*316,A,6,C,4
43-04-06OFT*316,A,6,C,4
43-08-06OFT*316,A,6,C,4
43-06-06OFT*316,A,6,C,4
43-08-12OFT*316,A,6,C,4
43-08-08OFT*316,A,6,C,4
43-12-12OFT*316,A,6,C,4
43-20-20OFT*316,A,6,C,4
43-10-12OFT45*316,A,6,C,4
43-16-16OFT45*316,A,6,C,4
43-04-04OFT90L*316,A,6,C,4
43-06-06OFT90L*316,A,6,C,4
43-08-08OFT90L*316,A,6,C,4
43-04-04MJ*316,A,7,A,1
43-04-06MJ*316,A,7,A,1
43-06-05MJ*316,A,7,A,1
43-06-06MJ*316,A,7,A,1
43-06-10MJ*316,A,7,A,1
43-08-08MJ*316,A,7,A,1
43-08-10MJ*316,A,7,A,1
43-08-12MJ*316,A,7,A,1
43-10-08MJ*316,A,7,A,1
43-08-08MJ*316,A,7,A,1
43-10-10MJ*316,A,7,A,1
43-10-12MJ*316,A,7,A,1
43-12-14MJ*316,A,7,A,1
43-12-16MJ*316,A,7,A,1
43-04-04MJ(14H)*316,A,7,A,1
43-12-12MJ(36.83H)*316,A,7,A,1
43-04-04FJ90L*316,A,7,A,2
43-06-08FJ90L*316,A,7,A,2
43-08-08FJ90L*316,A,7,A,2
43-06-06FJ90L*316,A,7,A,2
43-08-10FJ90L*316,A,7,A,2
43-12-12FJ90(H53)*316,A,7,A,2
43-04-04FN*316,A,7,A,2
43-06-06FN*316,A,7,A,2
43-08-08FN*316,A,7,A,2
43-12-12FN*316,A,7,A,2
43-16-16FN*316,A,7,A,2
43-12-14FJ*316,A,7,A,3
43-12-08FJ*316,A,7,A,3
43-16-20FJ*316,A,7,A,3
43-20-20FJ*316,A,7,A,3
43-24-24FJ*316,A,7,A,3
43-12-12FJ*316,A,7,A,3
43-08-08FJ*316,A,7,A,3
43-06-06FJ*316,A,7,A,3
43-06-04FJ*316,A,7,A,3
43-08-06FJ*316,A,7,A,3
43-04-06FJ*316,A,7,A,4
43-04-04FJ*316,A,7,A,4
43-04-05FJ*316,A,7,A,4
43-05-06FJ*316,A,7,A,4
43-06-05FJ*316,A,7,A,4
43-06-10FJ*316,A,7,A,4
43-06-12FJ*316,A,7,A,4
43-06-06FJ*316,A,7,A,4
43-08-10FJ*316,A,7,A,4
43-10-08FJ*316,A,7,A,4
43-06-06FJ*316,A,7,A,4
43-08-12FJ*316,A,7,A,4
43-08-08FJ*316,A,7,A,4
43-10-10FJ*316,A,7,A,4
43-08-08MBSPP*316,A,7,B,1
43-12-12MBSPP*316,A,7,B,1
43-16-16MBSPP*316,A,7,B,1
43-10-10FJ90*316,A,7,B,2
43-08-10FJ90*316,A,7,B,2
43-08-12FJ90*316,A,7,B,2
43-16-16FJ90*316,A,7,B,2
43-20-20FJ90*316,A,7,B,2
43-24-24FJ90*316,A,7,B,2
43-04-04FJ90*316,A,7,B,3
43-04-06FJ90*316,A,7,B,3
43-05-05FJ90*316,A,7,B,3
43-08-06FJ90*316,A,7,B,3
43-06-04FJ90*316,A,7,B,3
43-06-06FJ90*316,A,7,B,3
43-06-08FJ90*316,A,7,B,3
43-04-04FJ45*316,A,7,B,4
43-04-05FJ45*316,A,7,B,4
43-06-06FJ45*316,A,7,B,4
43-06-08FJ45*316,A,7,B,4
43-08-08FJ45*316,A,7,B,4
43-08-10FJ45*316,A,7,B,4
43-12-12FJ45*316,A,7,B,4
43-10-12FJ45*316,A,7,B,4
43-20-20FJ45*316,A,7,B,4
43-24-24FJ45*316,A,7,B,4
43-32-32FJ45*316,A,7,B,4
43-06-06FJ90(SHORT)*316,A,7,B,5
43-32-32FJ45*316,A,7,B,5
43-04-04RA*316,A,7,C,1
43-04-05RA*316,A,7,C,1
43-04-06RA*316,A,7,C,1
43-06-06RA*316,A,7,C,1
43-06-08RA*316,A,7,C,1
43-06-10RA*316,A,7,C,1
43-08-06RA*316,A,7,C,1
43-08-08RA*316,A,7,C,1
43-08-10RA*316,A,7,C,1
43-08-12RA*316,A,7,C,1
43-10-10RA*316,A,7,C,1
43-10-12RA*316,A,7,C,1
43-12-12RA*316,A,7,C,1
43-16-16RA*316,A,7,C,1
43-06-06BSP90L*316,A,7,C,2
43-08-04BSP90*316,A,7,C,2
43-06-04BSP90*316,A,7,C,2
43-06-06BSP90*316,A,7,C,2
43-06-08BSP90*316,A,7,C,2
43-08-08BSP90*316,A,7,C,2
43-08-06BSP90*316,A,7,C,2
43-04-04BSP90*316,A,7,C,2
43-08-12BSP90*316,A,7,C,2
43-06-06BSP(R)*316,A,7,C,3
43-08-08BSP(22.22H)*316,A,7,C,3
43-12-12BSP(32H)*316,A,7,C,3
43-04-04BSP45*316,A,7,C,3
43-06-08BSP45*316,A,7,C,3
43-08-12BSP45*316,A,7,C,3
43-06-06BSP45*316,A,7,C,3
43-08-06BSP45*316,A,7,C,3
43-08-08BSP45*316,A,7,C,3
43-12-12BSP45*316,A,7,C,3
43-04-04BSP*316,A,7,C,4
43-04-06BSP*316,A,7,C,4
43-06-04BSP*316,A,7,C,4
43-06-06BSP*316,A,7,C,4
43-12-08BSP*316,A,7,C,4
43-08-08BSP*316,A,7,C,4
43-08-08BSP(26.98H)*316,A,7,C,4
43-20-20BSP*316,A,7,C,4
43-24-24BSP*316,A,7,C,4
43-32-32BSP*316,A,7,C,4
43-06-06BSPT*316,A,7,C,5
43-20-20BSP(내수용)*316,A,7,C,5
43-12-12BSP(내수용)*316,A,7,C,5
43-04CAP(S)*316,A,L,1,1
43-06CAP(S)*316,A,L,2,1
43-04CAP*316,A,L,3,1
43-05CAP*316,A,L,4,1
43-06CAP*316,A,L,5,1
43-08CAP*316,A,L,6,1
43-10CAP*316,A,L,7,1
43-12CAP*316,A,L,8,1
43-16CAP*316,A,L,9,1
43-20CAP*316,A,L,10,1
43-24CAP*316,A,L,11,1
43-32CAP*316,A,L,12,1
HY-05CAP*316,A,L,13,1
HY-07CAP*316,A,L,13,1
NUT-02MS*316,B,A,1,1
NUT-04MS*316,B,A,1,1
NUT-06MS*316,B,A,1,1
NUT-08MS*316,B,A,1,2
NUT-12MS*316,B,A,1,2
NUT-16MS*316,B,A,1,2
NUT-04UNF*304,B,A,2,1
NUT-05UNF*304,B,A,2,1
NUT-06UNF*304,B,A,2,1
NUT-08UNF*304,B,A,2,1
NUT-10UNF*304,B,A,2,1
NUT-12UNF*304,B,A,2,1
NUT-16UNF*304,B,A,2,2
NUT-20UNF*304,B,A,2,2
NUT-24UNF*304,B,A,2,2
NUT-32UNF*304,B,A,2,2
306-LN-04*316,B,A,4,1
NUT-08UNF(24H)*304,B,A,4,2
K2-24CAP*316,B,A,4,3
NUT-06NPSM*316,B,A,4,4
NUT-16UNF(SW)*316,B,A,4,4
NUT-M20*1.5P*304,B,A,4,5
NUT-08UNF(SW)*316,B,A,4,6
NUT-M42*2P*316,B,A,4,7
NUT-12PF*304,B,A,4,8
43-16-20FL45*316,B,B,1,1
43-16-16MS*316,B,B,1,2
43-16-22L45(WIRE)*316,B,B,1,3
43-16-28L90(L166)*316,B,B,1,4
2503-24-24*316,B,B,1,5
5605-16-16-16*316,B,B,1,6
2403-24-24*316,B,B,1,7
43-24-24FJ*316,B,B,1,8
43-20-20MP*316,B,B,2,1
43-10-16FL90*316,B,B,2,2
HSH23024*316,B,B,2,3
6400-20-24*316,B,B,2,4
B-08CAP(1F-1SS)*316,B,B,2,5
B-08CAP(1F-1SS)*316,B,B,2,6
B-08CAP(1F-1SS)*316,B,B,2,7
B-08CAP(1F-1SS)*316,B,B,2,8
K2-24-24FJ*316,B,B,2,B1
43-08-16MDS(27H)*316,B,B,2,B2
1404-24-24*316,B,B,2,B3
NUT-M30*2P*304,B,B,2,B5
NUT-06PF*304,B,B,2,B6
71-32CAP*316,B,B,3,1
26-20CAP*304,B,B,3,2
FS306-LN-06*316,B,B,3,3
FS306-LN-08*316,B,B,3,4
LN-M20*316,B,B,3,5
43-12CAP*316,B,B,3,6
NUT-M18*1.5P*304,B,B,3,7
NUT-M18*1.5P*304,B,B,3,8
NUT-04UNF(SW)*316,B,B,4,1
JJ-32-32FL*316,B,B,4,2
NUT-M52*2P*316,B,B,4,3
BM-04CAP*316,B,B,4,5
BN-10CAP*316,B,B,4,6
1404-24-24*316,B,B,4,7
BM-12CAP*316,B,B,4,B1
73-20CAP*316,B,B,4,B2
NUT-08PF*304,B,B,4,B3
NUT-32UNF(SW)*316,B,B,4,B4
WO-32FH*316,B,C,1,1
FS2700-08-08*316,B,C,1,2
5404-24-16*316,B,C,1,3
5405-16-20*316,B,C,1,4
5405-20-24*316,B,C,1,5
5405-12-12*316,B,C,1,6
6408-HH-04*316,B,C,1,7
6410-08-10*316,B,C,1,8
79-16-30S*316,B,C,1,8
79-16CAP*316,B,C,1,8
5406P-04(SS)*316,B,C,2,1
5406P-24*316,B,C,2,1
BN-32CAP*316,B,C,2,2
6400-04-02*316,B,C,2,3
6400-04-08*316,B,C,2,3
6400-08-08*316,B,C,2,4
91-16-16MP*316,B,C,2,5
6400-16-24*316,B,C,2,6
SLEEVE-319-24*316,B,C,2,7
AA-12-12MS*316,B,C,2,8
JJ-32-32FL90*316,B,C,2,B1
NUT-04PF*304,B,C,2,B2
BW-32-32FL45*316,B,C,2,B3
71-12CAP*316,B,C,2,B4
43-08-16S90*316,B,C,2,B5
NUT-20UNF(SW)*316,B,C,2,B6
55-04-04FJ*316,B,C,3,1
WO-08FN*316,B,C,3,2
43-08-18L90*316,B,C,3,3
6405-10-12*316,B,C,3,4
AA-08-08MP(EATON)*316,B,C,3,4
NUT-08UNF*MONEL,B,C,3,5
43-12-12MJ*316,B,C,3,6
2405-16-24*316,B,C,3,7
2405-08-08*316,B,C,3,8
S(A2F)-ENTRY-40(M40)*316,B,C,4,1
S(A2F)-NIPPLE-40*316,B,C,4,2
S(A2F)-NIPPLE-25*316,B,C,4,3
S(A2F)-ENTRY-25(M25)*316,B,C,4,4
BN-08-08FJ*MONEL,B,C,4,5
BN-08CAP*MONEL,B,C,4,5
NUT-04MS(19H)*316,B,C,4,5
NUT-06MS(22.22H)*316,B,C,4,6
NUT-08MS(23.81H)*316,B,C,4,7
NUT-12MS(34.92H)*316,B,C,4,8
NUT-M30*2P*316,B,C,4,B1
WO-24MP*316,B,D,1,1
WO-24MP*316,B,D,1,2
WO-24MP*316,B,D,1,3
BN-40CAP*316,B,D,1,4
BM-08-08MP*316,B,D,1,5
HY-12-12FJ90*316,B,D,1,6
NUT-M36*2P*316,B,D,1,7
79-12CAP*316,B,D,2,1
5405-06-08*316,B,D,2,2
5406-32-20*316,B,D,2,3
BM-08CAP*316,B,D,2,4
WO-16BSP*316,B,D,2,5
WO-24BSP*316,B,D,2,6
6408-04*316,B,D,2,7
6410-20-12*316,B,D,2,7
TP-40-40FJ*316,B,D,2,8
WO-08FJ90T*316,B,D,2,B2
WO-08FJ90T*316,B,D,2,B3
WO-20MP*316,B,D,2,B4
WO-20MP*316,B,D,2,B5
NUT-M18*1.5P*316,B,D,3,1
6405-08-12*316,B,D,3,3
PC-16CAP(1F-M2SS)*316,B,D,3,4
43-04-04MP*316,B,D,3,5
91-12CAP*316,B,D,3,6
BW-32-32MP*316,B,D,3,7
JJ-24-24FH45*316,B,D,3,8
TPNSTE-06-06TS*316,B,D,4,1
TPNSTE-06CAP*316,B,D,4,1
91-08CAP*316,B,D,4,2
6410-16-12*316,B,D,4,3
DMC-06L-01N(ID1.2)*316,B,D,4,3
AA-10-18L*316,B,D,4,4
91-06CAP*316,B,D,4,5
91-05CAP*316,B,D,4,6
2403-16-12*316,B,D,4,7
43-16-16MP*316,B,D,4,8
91-08CAP*316,B,D,4,B1
NUT-M36*2P*316,B,D,4,B3
NUT-M36*2P*316,B,D,4,B4
NUT-02NPSM*316,B,E,1,1
NUT-04NPSM*316,B,E,1,2
NUT-06NPSM*316,B,E,1,3
NUT-08NPSM*316,B,E,1,4
NUT-12NPSM*316,B,E,1,5
NUT-16NPSM*316,B,E,1,6
NUT-20NPSM*316,B,E,1,7
NUT-24NPSM*316,B,E,1,8
NUT-32NPSM*316,B,E,1,8
NUT-12PF*316,B,E,2,1
NUT-08PF*316,B,E,2,2
NUT-16PF*316,B,E,2,3
NUT-02PF*316,B,E,2,4
NUT-24PF*316,B,E,2,5
NUT-20PF*316,B,E,2,6
NUT-04PF*316,B,E,2,7
NUT-32PF*316,B,E,2,8
NUT-06PF*316,B,E,2,B1
NUT-24PF*316,B,E,2,B4
NUT-16PF(38H)*316,B,E,2,B5
NUT-20PF(50H)*316,B,E,2,B5
NUT-12PF(32H)*316,B,E,2,B6
77-20CAP*316,B,E,3,1
77-20CAP*316,B,E,3,2
77-12CAP*316,B,E,3,3
77-08CAP*316,B,E,3,5
77-24CAP*316,B,E,3,7
77-32CAP*316,B,E,3,8
AA-04CAP*316,B,E,4,1
AA-06CAP*316,B,E,4,2
AA-08CAP*316,B,E,4,3
AA-10CAP*316,B,E,4,4
AA-12CAP*316,B,E,4,5
AA-16CAP*316,B,E,4,6
AA-20CAP*316,B,E,4,7
AA-24CAP*316,B,E,4,8
AA-08CAP*316,B,E,4,B1
AA-10CAP*316,B,E,4,B2
B-08-08FJS*316,B,F,1,1
B-08-08FJS*316,B,F,1,2
B-08-08FJS*316,B,F,1,3
NUT-24UNF(GATES)*316,B,F,1,4
B-08CAP(1F-1SS)*316,B,F,1,5
FT-16CAP(1F-1SS)*316,B,F,1,6
NUT-04UNF3*316,B,F,2,1
NUT-06UNF3*316,B,F,2,2
NUT-08UNF3*316,B,F,2,3
NUT-10UNF3*316,B,F,2,4
NUT-12UNF3*316,B,F,2,5
NUT-16UNF3*316,B,F,2,6
NUT-20UNF3*316,B,F,2,7
NUT-24UNF3*316,B,F,2,8
B-32CAP(1F-4SS)*316,B,F,2,B1
B-12-12MP*316,B,F,2,B2
NUT-12UNF3*316,B,F,2,B6
91-16CAP*316,B,F,3,1
NUT-08UNF3*316,B,F,3,2
B-16-16MP*316,B,F,3,3
B-04-10L*316,B,F,3,4
B-08-15L(WIRE)*316,B,F,3,4
B-10-18L*316,B,F,3,4
"NUT-M16*1.5P(GATES,L-SW)*316",B,F,3,4
B-08CAP(1F-1SS)*316,B,F,3,5
B-12CAP(1F-1SS)*316,B,F,3,7
91-16CAP*316,B,F,3,8
FT-32CAP(1F-1SS)*316,B,F,4,1
S-10CAP(1F-4SS)*316,B,F,4,2
S-16-16FH*316,B,F,4,3
BN-12-12FJ90*316,B,F,4,5
BN-12-12FJ90*316,B,F,4,6
NUT-04UNF(GATES)*316,B,F,4,B1
NUT-12UNF(GATES)*316,B,F,4,B2
NUT-16UNF(GATES)*316,B,F,4,B3
NUT-02UNF*316,B,Z,1,1
NUT-04UNF*316,B,Z,2,1
NUT-05UNF*316,B,Z,3,1
NUT-06UNF*316,B,Z,4,1
NUT-08UNF*316,B,Z,5,1
NUT-10UNF*316,B,Z,6,1
FT-24CAP(1F-1SS)*316,B,Z,7,1
NUT-12UNF*316,B,Z,8,1
NUT-16UNF*316,B,Z,9,1
NUT-20UNF*316,B,Z,10,1
NUT-24UNF*316,B,Z,11,1
NUT-32UNF*316,B,Z,12,1
